Palavra,Contagem
enfrenta,332
pesquisado,318
desempenha,307
divulga,302
frequentemente,277
destacando,256
fortalece,253
desafia,236
enfrentam,232
indicador,228
promovendo,227
garantindo,219
crucial,216
refletindo,215
difusao,196
desempenham,184
destacou,175
proporcionando,173
inovadora,167
visualizacao,167
revelou,163
alinhamento,163
eficazes,153
perpetua,151
rejeita,151
enfrentados,150
enfatizando,150
transcende,148
desafiador,145
robusta,143
sugerindo,143
expostas,139
pioneiro,135
arcabouco,132
intrinsecamente,128
inovadoras,125
similaridade,122
transformador,121
exploram,116
impulsionada,115
alinhar,113
alinhadas,111
fortalecendo,111
cruciais,110
discursiva,110
assegurando,109
eficiencias,100
robusto,99
inspirar,99
afinidade,98
caminham,98
deliberada,96
abordou,95
equitativa,93
contextualizada,92
globalmente,88
enfrentou,85
efetuar,82
disparidades,81
condutor,81
explicativa,79
desempenhou,77
desafiar,77
estudando,76
discursivas,75
colaborando,75
esboco,74
impulsionando,74
moldando,74
robustas,71
engajados,71
identificamos,71
esperadas,69
problematizacao,68
alinhando,67
recomendado,64
atrativos,62
ressaltou,62
intersecao,62
persistentes,55
agravo,54
robustos,53
convergencias,50
enfatizou,49
argumentou,48
instrumentalizacao,48
afastadas,47
interseccional,47
equitativo,45
explicativas,44
ponderada,43
permeabilidade,42
assistida,41
mobilizadas,41
envolvente,38
interseccionalidade,38
moderador,37
associativas,34
enunciacao,34
justifique,33
turbulencia,30
opcional,29
insurgencia,29
expositivo,28
atipica,27
comparabilidade,27
situacional,27
efetuados,27
incidencias,26
uniformizacao,26
intensivos,26
duvidosa,25
edificados,25
desestabilizacao,24
excepcionalidade,20
interseccionais,18
depositadas,16
experiencial,14
autocorrelacao,13
insolvencia,11
opcionais,10
estacionarias,8
pactual,6
quantilica,4
perfilado,3
